{
  "train_loss": [
    0.1790412664963887,
    0.00013598609414133535,
    2.3595748860243476e-05
  ],
  "val_loss": [
    8.280559102116447e-06,
    7.59610558256346e-07,
    2.990913109722773e-07
  ],
  "val_accuracy": [
    1.0,
    1.0,
    1.0
  ],
  "val_high_risk_recall": [
    1.0,
    1.0,
    1.0
  ],
  "val_high_risk_precision": [
    1.0,
    1.0,
    1.0
  ]
}