{
  "train_loss": [
    1.3305339611115607,
    0.168480180857822,
    0.06931858326982152,
    0.041076239953907405,
    0.032394870258669585
  ],
  "val_loss": [
    0.18090601731091738,
    0.06243139008680979,
    0.02803072249904896,
    0.019333719891922858,
    0.018138967556296848
  ],
  "val_accuracy": [
    0.94,
    0.976,
    0.9933333333333333,
    0.996,
    0.996
  ],
  "val_high_risk_recall": [
    0.7305389221556886,
    0.8682634730538922,
    1.0,
    1.0,
    1.0
  ],
  "val_high_risk_precision": [
    0.8472222222222222,
    0.9602649006622517,
    0.9823529411764705,
    0.9881656804733728,
    0.9881656804733728
  ]
}